X,Y,Z
0.285296428019603,0.7714453714217444,0.2996446886035418
0.7544387918617764,0.5894480979538205,0.6997649991732399
0.6854653344249025,0.7591104839699114,0.6371831740697105
0.7977296559886385,0.5090970692102402,0.6907001398420934
0.5970210921960819,0.8025445393340757,0.6716447628769969
0.8901715583755938,0.43130690440508784,0.6317429475153238
0.36173477362861406,0.7927851588431329,0.7700686370261027
0.8542660905529368,0.5205942098877555,0.4449994590631921
0.46063348721205205,0.7877427276463367,0.8376643290205514
0.9192660273823905,0.5050303458739392,0.27490362518627415
0.2745991936470577,0.7824143155293869,0.6929214984916352
0.7370195630331406,0.5683177245219772,0.6017933239761647
0.7171403889364425,0.7807561142440946,0.7717503690211193
0.7505451905223628,0.4510761861072946,0.4443923746560327
0.6927402977726178,0.8174588487265454,0.8483378001301579
0.7875493571737338,0.36585080380122703,0.23589965594283063
0.6190668585991983,0.7761311462675606,0.6403273232001603
0.8725454077782786,0.48861403572714157,0.6828043688225145
0.41147670083026977,0.7952916835430365,0.6889174039987035
0.8960054143651938,0.5008592664128925,0.6054723990980937
0.34476493363576954,0.7879267939901299,0.782477370090058
0.835837674432304,0.5365537146297487,0.41738110168494563
0.507688308798037,0.7829841289133287,0.826226134441429
0.9247812926589564,0.5031683740420627,0.30768193169517105
0.2573751576058485,0.7820998093343104,0.7382256533924038
0.7071927876568886,0.5737338852361799,0.5168064116372725
0.7661632503489797,0.7824401645692693,0.825170992981441
0.6628813594055657,0.43364323710446395,0.3106850055621196
0.8268377522053214,0.8277469219900437,0.7495203202811438
0.5297552098134798,0.29941544884588467,0.481246750003881
0.9217241217091365,0.7373989541551198,0.8782592850059366
0.2669504311240322,0.4940783230409367,0.17107246011714689
0.7240452242528845,0.8987044020740457,0.49793770746999577
0.7392738287110562,0.11636562250055488,0.7733595952705367
0.7131677291076232,0.35856811068760225,0.6205238930733742
0.7568702212882663,0.7798870163609661,0.7980882192666465
0.6808654508366734,0.44229147498572313,0.3816069743072701
0.8039644481664936,0.8270122202306773,0.8187835712225122
0.5831407727281045,0.3080672214162091,0.3149621624594754
0.8994241640676427,0.742875341007202,0.7686705836993283
0.33470324748779995,0.48816771839464784,0.46161670923559844
0.8239048393530058,0.8872838268505145,0.8456481780210192
0.5368169236617027,0.1221793740112503,0.22294621070711013
0.919984702288727,0.38245516741076274,0.6349234559972063
0.2723675444207628,0.7696240264481161,0.7772894441712332
0.7332788211177764,0.5968376907141902,0.43459407753395685
0.7236496689862318,0.7563759516780548,0.8233023389679807
0.739929054580691,0.5049728614250891,0.3232150915838522
0.7120059804416584,0.8141310908740427,0.75661400032291
0.7586978177507931,0.36911269433291977,0.4694411844896652
0.6773791246366165,0.7822272314604268,0.8658792655626957
0.8085855907296465,0.45846210646809465,0.19495237123841175
0.5726672528179299,0.8087309522405414,0.5525565162027686
0.9054620403612118,0.4226132462653448,0.7633203177588334
0.3167219751566553,0.7884315892229536,0.5591579190501155
0.8007139127552327,0.5431315217437466,0.7626810487226663
0.5904132278991215,0.785755421454571,0.5283323983988416
0.8947541584171876,0.4739675736811516,0.7817148475174108
0.3484258713256504,0.7940087821810847,0.5050910688843346
0.8399935490114634,0.5214237794614127,0.7895372208121402
0.4972962305331818,0.7899676480590986,0.4740564770880367
0.9249729516334803,0.48967614767086903,0.7964249449740228
0.2567725644057323,0.7860691032367937,0.46663537279203654
0.7061095339246746,0.5650173468916825,0.7974762249825169
0.7678197820938079,0.7893835271844049,0.4431036062238762
0.6596084879811336,0.4163156177135926,0.7955350767398164
0.8307429830881924,0.8224165130368263,0.48917376159895554
0.5202535928103176,0.31293403663461716,0.7887573855817893
0.9234822303196133,0.7557421399185568,0.5334331594433112
0.261452362233046,0.45350266782665927,0.7847436016232322
0.7144515907084826,0.8953283624970865,0.5038272616512107
0.7548389063976254,0.13036046586694436,0.7720637166894525
0.6847113876084304,0.39408540094392164,0.6194242576820607
0.7987623021647423,0.8081541627308787,0.7915076697087112
0.5947420211793261,0.3601219474939377,0.3900055196857291
0.8917886128645677,0.7960781337912276,0.8358351756485503
0.3570562264697341,0.3651599571179383,0.27755227606966343
0.849398187153034,0.8306387327971977,0.710450435610097
0.47330735521244166,0.28482288541875367,0.5586988073010201
0.9223637600427075,0.7227984310721147,0.861486981848326
0.2649527605495691,0.5240249699197936,0.22595853886542208
0.7205853423389077,0.8942235352689303,0.6091899818084937
0.7449657949573397,0.1320143697262065,0.6949852713721761
0.7029695094133989,0.39871609048624956,0.7564565525870401
0.7725724995193914,0.8081232942827257,0.5797717465382615
0.6501056602712799,0.36761009258261623,0.7423431938391635
0.8416326757917356,0.7951027182386996,0.6160110706320298
0.4931623248761019,0.38160182800295234,0.7085068982921836
0.9248270109359302,0.8261444038039062,0.6736438942768619
0.257231439883199,0.27550651848875723,0.6230493117922369
0.7069346770096162,0.7296939896920492,0.8135960333883961
0.7665587459684255,0.565023642033956,0.3563793561159163
0.6621018093066394,0.7774245451236773,0.782791005010779
0.8277751126522016,0.4739176809898181,0.41951247129508235
0.5274848594455951,0.8051244721412673,0.8363159065896016
0.9222049552546469,0.4444365944136634,0.2735683518336048
0.2654490103061603,0.7898784657047974,0.6967164710762771
0.7214475829644691,0.553983036011771,0.5934333156053954
0.74355558159702,0.7941000414738542,0.7824620053427722
0.7055185110898681,0.4113893946226837,0.4157270129873481
0.7687199239177939,0.8137350555131103,0.8437218073446647
0.657821529211576,0.35399876799431346,0.25020368315123664
0.8328417501940827,0.7829203563403043,0.666878567876195
0.5151005665126375,0.4142168860971184,0.6436642600318856
0.9241562996966904,0.8425067794145891,0.7599055471300611
0.25933830368216176,0.2290520391814671,0.4546317251340677
0.7107032073240563,0.6467089370032021,0.8858961837432726
0.7607353861664162,0.7027747833901585,0.1755120408359157
0.6734631160824043,0.6024564475150446,0.4951412366417138
0.8136690252282347,0.7633138478940202,0.8255068191414162
0.5609634476657658,0.4655370980816862,0.3153062804723116
0.9112487947802029,0.8491082722746971,0.751728845691039
0.299235386529773,0.21349439437516485,0.47086851479473263
0.7758662089191563,0.6123571762661881,0.8916583205006631
0.6434219886733179,0.7309932351798969,0.16826130716765836
0.8488914927104654,0.5786892412580847,0.47756265855301844
0.4746164873627742,0.749658721673186,0.8314010940507707
0.9226160059589246,0.584864439557202,0.3033012528091363
0.26416413257710714,0.7289146890387821,0.7239851815807619
0.7192113414564992,0.6795270954443852,0.5586667732426879
0.7472016347743157,0.6521174253102157,0.7843263167383109
0.6988980015301518,0.686989769916412,0.45025428927324457
0.7786264644530534,0.6447841200349919,0.8125323233560622
0.6377589852336479,0.6900458785525083,0.38327581562020785
0.8547831093533637,0.6544470563462678,0.7867494650636936
0.45927709767496905,0.6590386822451906,0.44391199372022316
0.9188640873370363,0.7434528361049285,0.8159030728708284
0.2758456424554532,0.4818658696155344,0.34645861587946686
0.7390928487770284,0.8972347493979445,0.7838698575286516
0.7134880557556346,0.11643428819744903,0.38407425651727406
0.7563645451838126,0.35980029720888984,0.8643559513970814
0.6818257138989787,0.7754514179605441,0.3273020004628529
0.8026758161309689,0.473145280952804,0.7302201114297427
0.5860331962189721,0.8093501588772495,0.6119100951680551
0.897613669848887,0.41725625022239693,0.7100738693700536
0.3400424673324109,0.7880329037686334,0.6621336001573748
0.8303302746487196,0.5376124066623689,0.6495871557388534
0.5212630657068557,0.7834139099024607,0.7245309602104064
0.92332716353596,0.4984497227093607,0.543796682879677
0.2619382166666149,0.7839096562783356,0.8279951270886259
0.7153083730696751,0.5684466966441971,0.3026237299580887
0.7534765265985315,0.7849757493222326,0.724869590983267
0.6872737067151127,0.43101046791512865,0.5427414738097412
0.7952356674607733,0.8233311233980799,0.8413296392653559
0.6024928324382693,0.3206676055374275,0.2541554608098568
0.8861323114054891,0.755814816004086,0.676640122619181
0.37333680092802124,0.463219012605292,0.6349344331191809
0.8656388058031534,0.879358414389218,0.7593290439702569
0.4303405756561222,0.13458722247663885,0.44612138823004
0.9070459890202944,0.4199984176668701,0.8981864106354638
0.3119601824432144,0.7874717849465972,0.20815210154024125
0.7941717999488799,0.5466397528140654,0.5557784040632975
0.6048129228248939,0.784833435723549,0.8120925237655688
0.8843527294729406,0.4721911830522811,0.34459043664453404
0.37841002358279185,0.7959225649180104,0.7832046694560183
0.8702987472489923,0.5085700016672225,0.41345823425848505
0.4176516998075596,0.7898096358011913,0.82854378554015
0.8999094025850384,0.5120663495669664,0.2994222563305843
0.3332681379790874,0.7831649811737744,0.7266756541070811
0.8221417988920457,0.5505591259391418,0.5396720862077977
0.5410312472044081,0.7769142841159271,0.8201526999157149
0.9187708159855479,0.5080266351375344,0.32569244359817584
0.27613471361155423,0.7813904502875377,0.7590636252323407
0.739572034135811,0.5701782268876385,0.4727422878920793
0.7126393897021103,0.7787928073822948,0.8328945279061982
0.7577026128043222,0.4569484258511177,0.29072589416471045
0.6792806444091547,0.8168131485568116,0.7205838179993918
0.8060762669988816,0.3714033645780045,0.5429913207482275
0.5783740794861085,0.7777069790693263,0.8525404151741106
0.9022727635594092,0.4960500463287932,0.23560143030133202
0.3262535076836199,0.7882906677757636,0.6290428992439939
0.81330497870869,0.5408245870988312,0.694500273688873
0.5618079641704848,0.7847507094199907,0.6578100856347936
0.9108651695908704,0.48419866711838344,0.6566811079856782
0.30040230594314177,0.7896923062190804,0.7273903920664435
0.7775948139505839,0.5447473435512193,0.5366071190152405
0.6398821412906407,0.7891737641859378,0.8227045421601641
0.8526020502273973,0.4521684895955122,0.3153659217831281
0.4649856384491132,0.8014199907478922,0.7532766702560417
0.92046377959518,0.4711447639687764,0.48007360955340567
0.2708777771795827,0.7900675872738288,0.8493584743339867
0.730761125936375,0.5520496912418386,0.24110129165735703
0.727972420199333,0.7935635771647087,0.634068864038753
0.7327057298252976,0.41704887164562154,0.6870241230963584
0.7246377602339596,0.8120393026967272,0.6995988334880116
0.7382901437051591,0.3709949505693662,0.5829607249736704
0.714905887428006,0.7862264251174801,0.8287007475051351
0.7541172003304906,0.4385940938149012,0.3000343959820825
0.6860704594359155,0.8149838369733046,0.7351935169135959
0.7968978012636372,0.3742702722314802,0.5145147240524992
0.5988512737378258,0.7808565894419963,0.8618176327193471
0.888845175017515,0.48316606079342755,0.20747277033835618
0.3655578905027129,0.7936178802412239,0.576586159643921
0.858123681017502,0.5175810353638424,0.7480243837341418
0.45046548764955563,0.7883796390471789,0.5656529946189918
0.9159214287189537,0.5063463182050822,0.7578833692836313
0.28493465098982196,0.7825270525280632,0.5482927356075805
0.7538635139239821,0.5652354207387006,0.7711553950664932
0.686547270303222,0.779774978585017,0.5039265559570978
0.7962404289869415,0.4617507998829034,0.7924103838459813
0.6002939504644418,0.8107872258053812,0.4838620977971107
0.8877821569508736,0.4095459816763307,0.7917229705976108
0.36861249537695373,0.7868166415070914,0.4999330389204397
0.8611280974270372,0.532532233533845,0.7923255111886803
0.44247003982029476,0.780496987114762,0.46443175333508585
0.9127541236223697,0.5267237574909638,0.7984231728951026
0.2946459237010993,0.7740312295885213,0.45151826995738936
0.7689699023854736,0.581325224779105,0.7989349867028406
0.6573242089597708,0.7635423050658832,0.4350185190017759
0.8334216451181747,0.5067986194156575,0.7980376895527354
0.5136710242967527,0.7969933550679192,0.45801001269712494
0.9243084814503072,0.46829756226258784,0.7956802205586886
0.25886055650653716,0.7897029385442562,0.4743570430038914
0.7098515445291533,0.5562049142163057,0.7964434694013961
0.7620606182572967,0.7948709876949019,0.4480461022994714
0.6708996597268326,0.4043242036167009,0.7953103513973785
0.8169352333294354,0.8154570769896547,0.4930383538902091
0.5533426141353405,0.3356787610303616,0.7891016467809191
0.9144718924136702,0.7779235679023772,0.526373652630793
0.2893882864764145,0.4040408606761717,0.7840950167959827
0.760878012668639,0.8692695264151333,0.5188766308225369
0.6731878512724275,0.1980664393288667,0.7708091877486521
0.8140220822350662,0.5537329800295617,0.6037490669242316
0.5601434879143874,0.7763234530279371,0.7729478882316392
0.9116162151875203,0.5041810360243084,0.4428378043918624
0.29811673816039336,0.7840670588443147,0.8397001901697594
0.7741996497793031,0.5581660950520754,0.27029262412480565
0.6468138426253577,0.780964948002766,0.6809085573777474
0.845249073770234,0.4698032497758919,0.6221341885496057
0.4839713851249436,0.802567964118351,0.7722114205008132
0.9240494089691924,0.4630039551595219,0.4374382546149206
0.25967376538565085,0.7900828003876458,0.8445525495047906
0.7113002135375286,0.5551131210047228,0.2548315159571206
0.7598032131082809,0.7953201873881388,0.6568886703338104
0.6752584746968688,0.4038306387219247,0.6555828287156462
0.8113525280736299,0.8145989745374371,0.7472930669214991
0.5663205320699901,0.3395594660565758,0.489447179177903
0.9087258719960276,0.7803935724365504,0.8714169852698408
0.30688969777602115,0.39960695998272194,0.17880697878157684
0.7870211213473652,0.863979937098415,0.521217980783453
0.6201898408318538,0.20623066775268464,0.770712588536132
0.8715512879950105,0.5740186524961886,0.6017480630752866
0.41421366944022037,0.7491899401617366,0.7705929594687568
0.8977706103096263,0.6016648826921466,0.4555573824459873
0.3395806038234573,0.7168759040230465,0.8267199482570885
0.8297827841223078,0.6820041003967028,0.3254756969302536
0.5226002665971955,0.6217152966951126,0.7390019996533642
0.9231101434140221,0.775282758230443,0.5566992276660288
0.262617884198613,0.40806436107174626,0.7669811755499356
0.7165040050613305,0.8755430790620149,0.5553001239011506
0.7515662584318925,0.19233121304230621,0.7484576411236686
0.6908433451887396,0.5365925107128333,0.6499768200003813
0.790241625109535,0.8101930574573564,0.7242554240685706
0.6133112564989717,0.35720251222572486,0.5375440070239048
0.8774940688573099,0.7912448443354327,0.8575522404268235
0.39774344351694474,0.38135751537815793,0.21693496461551504
0.8863113076280427,0.8387037140034663,0.6029765482765952
0.3728252223152336,0.2511842168597576,0.7135509548049419
0.8651583309070718,0.6782061348854779,0.6976216234707852
0.4316397554658973,0.6195924371051365,0.6191220387414603
0.9077094447787795,0.7973328583576169,0.7429518098789476
0.3099601319612636,0.3575108895112772,0.5030918736772816
0.7913739396565328,0.8294691629505845,0.8670131498373581
0.6108745409694154,0.30493416935461004,0.17721477890687456
0.8795152938098393,0.7359716538256432,0.5234984933920022
0.39208212452839597,0.5079652772006283,0.793097875221968
0.8819088089686729,0.8750527387024455,0.46942516049814326
0.38533894803888025,0.14318712376413867,0.7827523462762935
0.8763555197037268,0.4444362282362682,0.5933621117329069
0.4009191343175895,0.7970104326508207,0.8052756132442045
0.8886770336058094,0.49970869850388416,0.3586867231249331
0.36604160512533757,0.789571803893489,0.7929800684830661
0.8586040492376349,0.5268844384131031,0.3915450215412524
0.449191602720376,0.783933128645556,0.8140389230728736
0.9154484750337409,0.5170162161008609,0.33977871590693287
0.28638948899091465,0.7782498976036843,0.7730195141562413
0.7561710334698185,0.5743321324790952,0.44215165778217996
0.6821926859607189,0.7721118320665218,0.8286716112332358
0.8021815531749497,0.48075530460790683,0.3042073911501935
0.5871393430068678,0.8086214826916104,0.7362074851208706
0.8969049191312264,0.4187947898611801,0.5140867933136051
0.34212599512690817,0.7886069108424949,0.8539079068837373
0.8327804547657247,0.5357178493851585,0.22837781280899178
0.5152515250258946,0.7840302352064499,0.6127224364692694
0.9241393466422227,0.4986649293220029,0.7145948660236807
0.2593915141306612,0.7837007037841972,0.6339702523059083
0.7107979591523576,0.5696127230785408,0.6893383074505446
0.7605876155436438,0.7849745336345262,0.6592121851839186
0.6737481501135288,0.4290596992997357,0.6545908337601072
0.8133028472288686,0.8247996881821695,0.7427977365124441
0.5618129058976516,0.311445337287359,0.49627247450703377
0.9108629092586059,0.749369282570648,0.8758517007865151
0.30040917824355184,0.47104011254959,0.17477833010925295
0.7776049643211672,0.8923031375975188,0.507724157912461
0.6398612900017009,0.12040060599740303,0.77121270437173
0.8526236323685223,0.37335436380074544,0.623871381697288
0.46492932341234805,0.7729563732652227,0.7913960905801469
0.920449176281632,0.5375908838736165,0.4000284162310503
0.2709232136071592,0.7664697980161944,0.8175530682223932
0.7308381559629366,0.603917679412906,0.3355549744948859
0.7278408592810347,0.7497020890111094,0.7584764874128924
0.732927608515695,0.5183303818556634,0.48244545581371884
0.7242554980072888,0.810765382523802,0.8413304892119332
0.7389250449699608,0.37442558509348023,0.25785323676955607
0.7137848446785782,0.7885580758868599,0.678086198446121
0.7558953486872981,0.4332541339560596,0.6248727162573547
0.6827150109247627,0.8135368851737227,0.77723827298218
0.8014763316962263,0.37901082457523977,0.42276765550324846
0.5887144792798515,0.7833480495717345,0.851729082463741
0.8958800423145877,0.48010955831424,0.23626623705405617
0.3451322707589009,0.7929623198493116,0.6315517609396198
0.8362591498269109,0.5247873290548228,0.6903433168896491
0.5066402013834275,0.7890771518709171,0.6684230498909834
0.9248368585846739,0.48919966051040115,0.6398742009488625
0.2572004812752513,0.7862086160444226,0.7476597887654303
0.7068790567160126,0.5645852621750379,0.49609662125755744
0.7666439068014835,0.7895499278322556,0.8319122263780452
0.6619337997728746,0.416231698074176,0.29029081580361693
0.8279765446171388,0.8220440142972595,0.7241121722778704
0.5269961288697073,0.31474572092469244,0.5348200644459631
0.9223034733963856,0.7572191991016424,0.8665734204143996
0.2651411725221884,0.45047364795021055,0.20045589911882217
0.7209129252762659,0.8939245019882271,0.5646117586082885
0.744430673949767,0.13287817515541508,0.7378180930205906
0.7039384888401118,0.4009160121126593,0.6852923306021965
0.7711136432475628,0.8091122593401738,0.7061196843476755
0.6530403520466229,0.3654484043211936,0.5719890610863313
0.8383410073881492,0.7930379873046088,0.8375600079300275
0.5014438420624178,0.3877139368157281,0.27364214066467946
0.9249922866843656,0.8292952871207953,0.702261879531203
0.2567117581575376,0.2666321300768737,0.5739814279123028
0.7060000761104531,0.7151824119342486,0.856074842003403
0.7679866839772037,0.5932512888254694,0.24405644503409732
0.6592776076803386,0.7526666836358339,0.6356381954207432
0.8311333816590241,0.5300073858873299,0.6941121889991172
0.5192975291389188,0.787418933846671,0.6610724986835482
0.9236221398657906,0.48961890008283193,0.6512976678862947
0.26101384567745584,0.7863146401752129,0.7332348616529162
0.7136767867558481,0.5632967905340428,0.5258439201906645
0.7560662539662745,0.7891513464342021,0.8238432140579101
0.682391272244814,0.4201321198641565,0.31231918690758265
0.8019136680929971,0.8205447679866984,0.7530410313923187
0.5877381069689368,0.3263068528320613,0.475542922090815
0.8965174909663773,0.7638359703785923,0.8734643669824304
0.34326335362359683,0.44219908749019177,0.17763641791041332
0.83410440762591,0.8792444664498545,0.5159312702388636
0.5119847057782771,0.14465274934560382,0.770285443969216
0.9244685572614101,0.44177209453012256,0.6192399295176473
0.2583578424167432,0.7892424078689393,0.7813614196181969
0.7089535504104815,0.5573933374985885,0.41966974688523506
0.7634521309521612,0.7942406032265521,0.8241226353141641
0.6681940063780315,0.405509288462952,0.3101005236188431
0.8203298720084748,0.8164146839090328,0.7518380376573712
0.5453384604664263,0.33214773310457546,0.4792346175219597
0.9173943688093769,0.7751043036661618,0.8726840897305065
0.2803931812790211,0.4100438983563292,0.17656901986180096
0.7465595271336292,0.874171131563874,0.5155193648114782
0.7000710784446725,0.18736746975494553,0.7713757841868367
0.7768947852089471,0.5296365145872559,0.6054555284562998
0.641318328319137,0.7976647928881125,0.7763953947067567
0.8511077813000131,0.43103066862612316,0.4290566340184965
0.46887630586915413,0.7986206698104722,0.8465495856785445
0.9214158679555035,0.4768621209161324,0.24661539195779625
0.2679120650706459,0.7891904199610071,0.6500014757143061
0.7257002047028432,0.5548726734894913,0.6667571249367467
0.7365198451092502,0.792683456624189,0.6970666100034918
0.7180159426171364,0.4168520863032626,0.5921392650746361
0.7491354804296174,0.8141094291253512,0.8120264528832473
0.6953465958470838,0.3585899170920483,0.3364414756510748
0.7838069177165375,0.782141554994167,0.7882592435986078
0.6269784437880824,0.4295306338305905,0.40510697486108627
0.8653429568086801,0.8319715217463125,0.8356005177730998
0.4311407384680764,0.27644551125987415,0.2677063859696971
0.9074560877747292,0.7143729936776843,0.7033654179384311
0.3107242851806549,0.5443954072995677,0.6002872845049139
0.7924464039846161,0.8783448948983904,0.7782081790471841
0.6085578729469271,0.1602979924091857,0.4028354644618567
0.8813961964185837,0.47465491217218314,0.8722788766066436
0.38678668302251756,0.7961461662869552,0.2695283807330013
0.8775761559781377,0.5057057969708488,0.6572997422311667
0.3975141118160605,0.7895485655933675,0.7216151613719006
0.8861375780756515,0.51824111057985,0.5478860238803325
0.37332175195211936,0.7830107270186333,0.8220918033065652
0.8656246994446225,0.5399304015804491,0.3187782120988404
0.4303787428773092,0.7753910461957972,0.7475889117286859
0.9070656580596279,0.5415247986371726,0.49907718659870937
0.31190093510538386,0.7665626206099756,0.8354048965633407
0.7940893446073528,0.5927276565648096,0.287376667571165
0.6049923923371454,0.7477604281399645,0.7022060702932071
0.8842134109398949,0.5546275519266617,0.5941205939903467
0.37880620295954653,0.7620766477348785,0.7817152095793563
0.8706546351679942,0.5843360636391366,0.4262635141331117
0.4166760232853801,0.7400502634319218,0.8225957016529135
0.8993113251465075,0.6192543721999426,0.32980033138606774
0.3350367227560386,0.6963264674852623,0.7507587068224582
0.8243123334954482,0.7176501424906931,0.5131160585547301
0.5358395882681275,0.5588866582344466,0.800476810322096
0.9202474384772531,0.827076567508969,0.43755338029593216
0.2715507346772372,0.2742287913330216,0.7888320094806451
0.7319004527419127,0.7262599654394088,0.5439508245300292
0.7260220660669549,0.5654457988590713,0.7845467716276749
0.7359818949080529,0.7851255387184284,0.47353672468445573
0.7189564175197373,0.4354555911002449,0.797269843996819
0.7476149227396133,0.8196768357593429,0.47975451632798566
0.6981413451356246,0.3442284821830346,0.7908399654943548
0.7797380271870276,0.7691671379610151,0.5200526914928906
0.6354625537383863,0.46122331260650584,0.788501545071096
0.8571046171782968,0.8367347225604828,0.4930863604741523
0.4531622818427858,0.2653755487105966,0.7854183222488504
0.9168830441839538,0.6948258005003719,0.5540045521457523
0.28197155164610266,0.5785462918973746,0.7844228213039038
0.7491153041210501,0.8645824560413811,0.47022689035331494
0.6953837914349038,0.21587582945972694,0.7844099785086858
0.7837531439647315,0.58731286913285,0.5698254823823756
0.6270913671734825,0.755075122014889,0.794729731840404
0.8652368022429077,0.533335276743908,0.39683168559634624
0.4314276896632879,0.7792880519656263,0.8163299140191673
0.9076020015438171,0.5324808802859414,0.335104982087407
0.3102842508486542,0.7718638218759473,0.7663988864639555
0.7918293577385915,0.5817964199971268,0.4589532250860055
0.6098918160589605,0.7584701067006429,0.8302763334858639
0.8803180184240753,0.5305656621206275,0.30380433922806555
0.38982535798934326,0.7779952190180414,0.7303911645834817
0.8800877285539476,0.5467277353390634,0.5336577780479066
0.3904732788299924,0.7683375111191117,0.8236678848406127
0.8806144201940654,0.5678156813526298,0.3187902267813178
0.3889908536192408,0.7526065691569193,0.744491495854988
0.8794047868533162,0.6013329270854233,0.5115247227894023
0.3923924285373216,0.721100322117772,0.8218470818533852
0.882156259086447,0.661179360459405,0.3372398075475434
0.384639396471894,0.6426579590971582,0.753412325384054
0.8757601452684352,0.7815550620158161,0.5216445096511345
0.40257595894302467,0.405787932735172,0.7855643690695877
0.8898816580292764,0.8542728833708494,0.5150747374842392
0.36257148310966675,0.20450431767640948,0.7751496051182359
0.8551195901576966,0.5889874987154841,0.5928863202860521
0.45839328373904975,0.7387878687951702,0.7756834084110589
0.9185948602993289,0.6109363480402076,0.44670208672000133
0.27667986884464557,0.7020589726157155,0.8239154271438615
0.7404740403767945,0.7226848540305373,0.33724009493054014
0.7110372728479811,0.5702600220447186,0.7461528654102805
0.7602140970348811,0.7844234949514848,0.5556752103659883
0.6744679077059895,0.43049495184640163,0.7659093662359985
0.8123755119685692,0.8251147421953657,0.5515649767786811
0.5639596962327849,0.3108494747660495,0.7608221800251516
0.9098638818538967,0.7484021565009504,0.5941596490458574
0.3034429139011237,0.47342984152503637,0.7413837061004883
0.7820516540459801,0.8920507951211294,0.5904025222456588
0.630653398464729,0.11982910795355606,0.7152637045806721
0.8618398510375819,0.3722272289794423,0.7276226253785527
0.440566112144072,0.7710080789145313,0.6424648045910915
0.9119301680050172,0.5484884568806828,0.6811271153992062
0.29716008574322555,0.7610486171752632,0.6772012150471297
0.7727670859819263,0.6082530362828396,0.6328069264238947
0.6497130321782352,0.7361899646765826,0.7296704744607274
0.8420682295851953,0.5667207812421384,0.5457638518722862
0.49206050734126555,0.761146567459261,0.8139555911085654
0.9247667684883911,0.5561277795992752,0.34648779245662176
0.25742081183533927,0.7530907901480985,0.7748924676057863
0.7072747486366844,0.6350208614365841,0.4446474350152304
0.7660375607371176,0.7188912301197041,0.8197761289779089
0.6631288602250647,0.5711432695191893,0.3433393512652678
0.8265392073581839,0.7933084861944967,0.7700680951607229
0.5304769404141894,0.39031190010198463,0.4448596489981609
0.9215632775810629,0.8270529964994118,0.8579175898842747
0.2674522910819133,0.27391377111172377,0.20510923601515782
0.7249097833847107,0.7261447616898036,0.5868429213027776
0.7378376805500173,0.5674490020879157,0.7527983824793467
0.7157029795291753,0.7812635499677222,0.5427547356559165
0.752847231102274,0.45026385475881286,0.7747878891547362
0.6884526275784789,0.8170065102255366,0.5270081678659109
0.7935967464874384,0.3682713804043662,0.7765872925599512
0.6060635166723662,0.7771171782865709,0.5453198209085645
0.8833769625950356,0.4898751132256852,0.7740374532872037
0.3811817868401972,0.7931519632540398,0.5179273342341163
0.8727642592195932,0.514336803038197,0.7850261530668485
0.41087318607933143,0.7871098713647221,0.486468797838216
0.895608720849297,0.5202159250467052,0.7953023549218856
0.34592683795553725,0.780386704176853,0.4607979187505008
0.8371674047291966,0.5533440126013277,0.7984228930047927
0.5043771223962592,0.7721091438548852,0.44407996560320684
0.9249291109582543,0.528814034425844,0.7983600023656392
0.25691042744284215,0.7706712372146916,0.4510860786154379
0.7063576009417197,0.59876845054309,0.7994259600526906
0.7674411999742385,0.7600946920244362,0.42894516614243605
0.6603582568584557,0.4851210455736487,0.7971048729939213
0.8298553489920748,0.8320393803762468,0.46628842103241763
0.5224231603428713,0.2865891169119255,0.7899827144105155
0.9231396469568802,0.7204406277608174,0.5379451373018587
0.26252550494086496,0.5285408566429555,0.7889986832386119
0.7163416975267127,0.8933564763726618,0.4733483972660314
0.7518261986716634,0.13614120666023763,0.7793535548093838
0.6903591929515457,0.40872953870519635,0.6025613733867979
0.7909244973376939,0.8147519088766356,0.804670311378047
0.6118428663405976,0.34497753615107024,0.3552323898030033
0.878717341020261,0.7802839593647176,0.8091459831124497
0.3943207497590105,0.4080694439195209,0.3534977203941618
0.8836780154534587,0.8567357742279833,0.7996698789356668
0.38032736769347336,0.19897814126071525,0.35614939731043915
0.8720103059842594,0.5759915858781525,0.8282189744929781
0.4129508292935413,0.747376844484146,0.3622864675915279
0.8969630349534761,0.6056612932498104,0.764682555796928
0.3419552908579437,0.7126593852796602,0.5072899791389807
0.8325809186751505,0.6887590499407807,0.8032685674373489
0.515742750372814,0.6096120047364839,0.394224341362329
0.9240830134995873,0.7895430476246355,0.8042654554790996
0.25956831134610286,0.3727418715452423,0.3633610516934333
0.7111126314368312,0.8499211014877426,0.8131428903779123
0.7600963903369218,0.270622371085603,0.3233349369955297
0.6746945106147035,0.6741240340843376,0.7832711909541001
0.81208276345603,0.6712037776063128,0.44668997117685066
0.5646360903884963,0.6434298709997491,0.8144909132505098
0.9095420505313737,0.7400810521767167,0.37865140746110526
0.3044186427322635,0.49152772088334423,0.7771397547957416
0.7834673509504471,0.8923581028594259,0.5105850231108261
0.6276911654970034,0.11839164664443291,0.7701145622029005
0.8646713751398624,0.36852805764060126,0.6266705227302592
0.4329547161683264,0.768133703414891,0.7894800479741826
0.9083682406889422,0.556835830272136,0.4060196612305964
0.3079709059874875,0.7557552279178035,0.8180136255313593
0.7885618600951145,0.6162846978381337,0.3374101564910471
0.6169085957242559,0.7237938323176752,0.7588808484511604
0.8744298069093952,0.5994035690894868,0.48844258030483717
0.4062685828818343,0.724201835596684,0.8270321258304631
0.8924933593465756,0.6520156108250919,0.32251759360193905
0.3550111626147077,0.6539770793693991,0.7392197059312787
0.8472194770245467,0.7741209959845222,0.5479175676302123
0.4789229486667611,0.4314143938584095,0.7730044603601822
0.9233563042562553,0.8549039465407369,0.5360232226485706
0.2618469266919946,0.19259992139850143,0.7647857290717314
0.7151475205936216,0.5701585304097345,0.6176311008123515
0.7537327142149435,0.7836823999298825,0.7552744034615481
0.6867929260273358,0.43406136693311287,0.4804227816583203
0.7959010903087412,0.8242263287148459,0.8555877057225016
0.6010374155901631,0.31803522597352946,0.21281419701168294
0.8872283304081844,0.7529368688309958,0.5995016062375296
0.3702006144783731,0.4693572922964811,0.7351844791340107
0.86266284221737,0.8806359471698536,0.603467861318348
0.4383599526368304,0.1314473540290537,0.7041727521545232
0.910941866875945,0.4113911806584936,0.7425295969053252
0.30016909357949834,0.7841575360260666,0.6042728033641137
0.7772501527048946,0.5573990401557006,0.723707343419602
0.6405897054529166,0.7809127525376892,0.6026448686390353
0.8518677784664499,0.4716271016988315,0.7260916229944516
0.46689954596521577,0.8013396432806641,0.6199876195014176
0.9209461317879571,0.47080411482059786,0.7025558224915519
0.26937611029119646,0.7900230991600156,0.6616044760000805
0.728206699533652,0.5525666830625104,0.649909468720968
0.7323102984654427,0.793720925493402,0.720709590620883
0.7253181233395185,0.41545440501897246,0.5485738698337672
0.7371574501906029,0.8125129068724452,0.8414553537648047
0.7168984721306393,0.3661964019471818,0.25698599053172144
0.7509336953133587,0.7854411628504078,0.6773748204927612
0.6920194380586149,0.4305832526366269,0.6267486804225009
0.7885755810083188,0.8224951782166836,0.7757837319907837
0.6168792959691315,0.3248582663384536,0.42374176677407943
0.8744551516429127,0.7589104919114893,0.8601874110334741
0.40619835580990804,0.4593374338826588,0.21890406969555246
0.8924446307247711,0.8734462419675483,0.6008716982604021
0.35515268371660264,0.14500743537725866,0.7084584354604597
0.8473712433723406,0.4506205319149268,0.7323915908704764
0.47853291132843034,0.8021380973913311,0.6135874915059776
0.9232949071846779,0.46558619733469925,0.709740454140068
0.2620392597406051,0.7900676312043972,0.6506973881590921
0.715486338552243,0.5544936500288012,0.6655866751587344
0.753192860220188,0.794918650169364,0.6988292624749828
0.6878054894740251,0.4066724332598174,0.5885076137982814
0.7944976630566609,0.8141770325775769,0.8170935784016649
0.6041031678804121,0.3454851421247759,0.3231195958850677
0.8849013626178722,0.7817050657855042,0.7745420033936359
0.3768484819031495,0.40292157008515594,0.43769908804534435
0.8688847032846322,0.8562323088186972,0.853835737171955
0.42151908002565297,0.20492398488426,0.20837839788519252
0.9022107572399265,0.5856431698926494,0.5986938431091227
0.3264380750137944,0.7323438866403593,0.7710480982105753
0.8135421553218062,0.6572689583173701,0.45906716749735416
0.5612578722937785,0.664356672812657,0.8181614423481723
0.9111156504035449,0.7123840274859313,0.3631938085811893
0.2996405113750997,0.5473231512152931,0.769820011640607
0.7764674786764832,0.8791346970560726,0.5117043299800316
0.6421932129667925,0.16273418645134635,0.7720404313224065
0.8501900336888675,0.47845431790310433,0.6107246138358393
0.47125767912846267,0.800873279513844,0.7821216828053517
0.9219433522663951,0.4707203303270354,0.4146822396782819
0.26626608766932813,0.7898672918051448,0.8346018964633709
0.7228632954384119,0.5537826771266398,0.2827859847919538
0.7412282207214254,0.7939578515327622,0.6996725334423857
0.7096930984520287,0.41238920618727437,0.5872581958260215
0.7623065765078749,0.8135516177648386,0.8169133175903358
0.6704224617066579,0.3563092357360933,0.32377492789331874
0.8175378828196181,0.7833470046898082,0.7740969741470394
0.5519278640054075,0.4173751671434077,0.4382842662868522
0.9150229386773929,0.8385681132710617,0.8518060066353318
0.2876970533748495,0.2431466007653025,0.21958095079651765
0.7582315977608305,0.6711361361175756,0.6187917568363464
0.6782708350961879,0.6561861399365314,0.7321525607881786
0.8074121846101989,0.6970150906450717,0.5613613743446222
0.5753416703867844,0.601307037374267,0.7790463158391551
0.9039974410023178,0.7851204738401529,0.4763792201996286
0.32110845035524144,0.3892984574707811,0.797019180911478
0.8065919098230785,0.8549242783191977,0.49322271675869767
0.5772051830748381,0.22747744793201605,0.7822453082550986
0.9029456309136088,0.6183095068696056,0.5713757115683697
0.32424882855224507,0.6966858592854529,0.787398026948977
0.8107126452185449,0.7197046122122228,0.4307376568220901
0.5677933127747903,0.5583231886688229,0.8036527900871998
0.9079950469491721,0.8211877128953939,0.42995304110837496
0.3090981541602887,0.2940773210878104,0.7881722815380584
0.7901589954434671,0.7528977491753654,0.539954800901085
0.6134887022439807,0.49502338838046933,0.7817756796628306
0.8773451635130154,0.8386144423717767,0.499192138758997
0.39815932202134197,0.25407216682374273,0.783477164201388
0.8866253623427348,0.6809772926952309,0.5613924849720335
0.3719270680153912,0.6098743812094247,0.7821757444804298
0.8643100991436035,0.8199763282762151,0.4668417472674163
0.43392916114931795,0.3099354269603171,0.7919302589920503
0.9088481837381986,0.7613777245834477,0.5270628778213606
0.3065197018197117,0.4445649029019341,0.7868225972759663
0.786491884599447,0.8856901055198185,0.5015382083680893
0.6213128802170316,0.1388932505740626,0.7745185981217472
0.8705477848457582,0.4218915827170388,0.6120076941380883
0.41696905483983626,0.7933916300925158,0.7929595952581675
0.8994916899394966,0.5038357929193314,0.3905351659739724
0.33450364177635505,0.7863257456095749,0.8165569561613713
0.8236605350344307,0.5430463158411185,0.3324971847565571
0.5374022748265362,0.7814456788687149,0.7624307616907811
0.919823958399861,0.4985971469012695,0.4652745761284895
0.27286702262784573,0.7844750005136721,0.8443196175012546
0.7341192591832237,0.5641795468321305,0.25715001240354785
0.7221962381741444,0.7844688513662808,0.6598312745977807
0.7423266774426579,0.4408236877393467,0.6538027660891252
0.7077277911785277,0.817230745963979,0.741128206772644
0.765341909656733,0.3621664726677257,0.5017232739363118
0.6644965826249573,0.7761738399172752,0.8663913808843324
0.8248812349274295,0.4761741758976407,0.19525275063058203
0.5344730778105051,0.8053787080108392,0.5519792929184557
0.9206029455532022,0.44183310003616333,0.7643558001378435
0.2704447001102891,0.7898472937420284,0.5518303682256136
0.730026147882416,0.5526731999822512,0.7674550370664182
0.7292254937743945,0.7932994580064087,0.5154470867975213
0.7305859901143746,0.41735415144580634,0.7859959984296182
0.728271374303002,0.8124617452625098,0.5109138521044172
0.7322010647931295,0.36885732515874414,0.7842726167501024
0.7255058623830662,0.7854628394148245,0.5281337303783118
0.7368442923142176,0.43752119330616834,0.7818652979510096
0.7174476904332567,0.8174096392203994,0.5147243448194047
0.7500510571233974,0.3589122068865137,0.781934256102183
0.6936555346764446,0.7755353388515015,0.5360826275540946
0.7862408753899672,0.4697394141802449,0.7796438658639092
0.6218447966471454,0.8122737275817089,0.5109131183319923
0.8700692284610585,0.39960588322275575,0.7843065062312989
0.4182804347410764,0.7852117866999914,0.5196169721651656
0.9002910768194023,0.5225594602029255,0.7857651688897174
0.33213809912942427,0.7784167807603428,0.4825052000124395
0.8207428142736329,0.5615002291398934,0.7974048763681975
0.5443589742397701,0.7694064410656514,0.4442572057068881
0.9177194411962631,0.5240565853954544,0.7988059716437047
0.27938873325272207,0.7744845201961221,0.4513429322108447
0.7449234752413971,0.5844743909353204,0.7988475218814516
0.7030462177200039,0.7656401690338849,0.4343503186543252
0.7724572638375231,0.48986728751073144,0.7975726259538196
0.6503380457140302,0.812171359766248,0.4638493214884842
0.8413743464402788,0.39177030208224384,0.7932846408525605
0.4938151556921485,0.7853534181528208,0.5012460471323388
0.9248584664932843,0.5014707559488616,0.7922148704457034
0.25713254876120684,0.7826655073764968,0.47330554001957337
0.706756984176458,0.5725417254929208,0.7976951773814005
0.7668307331287469,0.78348174654769,0.4404747820271812
0.6615650314745091,0.43095275690039064,0.7960327211055688
0.8284179402371713,0.8271926217089065,0.4839280427793994
0.5259241291623828,0.3004906330217566,0.7889334977020861
0.9225133762505369,0.7392285811317183,0.5364713599811767
0.2644850534906774,0.48998752399523393,0.7862505676423382
0.7197710268916304,0.8992630244529045,0.4903469394832928
0.7462925742342937,0.11588434631719022,0.7753205593914583
0.7005578811450663,0.35701125267794886,0.6165721225501379
0.7761731843492252,0.7801774782140896,0.8024055826649846
0.6427949773117129,0.4363287018839805,0.37070264509578416
0.8495554994818254,0.8315112863999284,0.8111978903630961
0.4729005252934427,0.28233376403538296,0.3336577772155834
0.9222827883413262,0.7191784038832211,0.7940975858498647
0.26520581268149634,0.5312618748082509,0.4083603471782284
0.7210252515253406,0.8919929797542027,0.8228288881204845
0.7442470012961918,0.13906857254739305,0.28542205635114737
0.7042705887239268,0.4163482688466202,0.7448248254072755
0.7706120483548073,0.8159213820224822,0.5984889097668784
0.6540457413552969,0.34766651521630765,0.7230037924751639
0.8371986654100988,0.7776968142924499,0.6570243546187967
0.5042991221688984,0.4256229746175334,0.6594392580255106
0.9249316149297345,0.8489648072339792,0.7371989630578828
0.25690255374286886,0.20985303275923142,0.5016507537103326
0.7063434370060666,0.6079105843664345,0.8931443368271151
0.7674628282167366,0.7506952778109917,0.1649944496618064
0.6603154514325265,0.5057883452795391,0.46915797224333755
0.8299061373183455,0.8279804004828366,0.8434082998252674
0.5222991800708492,0.2978799734996638,0.24688921170240802
0.9231601623022211,0.7361236676033224,0.6659377621684792
0.26246126504932427,0.49640240383804435,0.6559941400427906
0.7162287927727207,0.8993508355913131,0.7255039073656749
0.7520069039513916,0.11671214308617907,0.5124616236177361
0.6900223253350862,0.3589628647647918,0.9084886405052857
0.7913986087347126,0.7831178933830792,0.1951299639999768
0.6108213480616536,0.42509585297259783,0.5307584332553095
0.8795589266110521,0.8329116462167585,0.8475124547578118
0.3919595785505043,0.2696537736461871,0.23368850103356623
0.8818108891321568,0.7074428456817097,0.6441156049713965
0.3856156462784141,0.5639962389650232,0.6932519339567333
0.876590012607672,0.8533989187202115,0.6542247076893851
0.4002658608953677,0.21108445293300357,0.6461087007320616
0.888196475539114,0.5999036440898577,0.8028521353915982
0.36742293660233744,0.7207815041525144,0.42023190021978646
0.859966292365153,0.6680548137467709,0.8003164435610781
0.4455697929352752,0.637167033353238,0.40736398703920607
0.9140382044678974,0.7745142406621159,0.8072314609712955
0.2907177513916986,0.41236903967222716,0.3600405536172655
0.7629434795445766,0.8740136299289097,0.805165882461474
0.6691846882904658,0.182842131496002,0.3372663926864432
0.8190932026178143,0.521948846595852,0.8099028386064028
0.5482642537594943,0.7935453146168577,0.4247773095572798
0.9163810786934449,0.46700635503736826,0.7909725389401616
0.28351915003250794,0.7911006397170184,0.4857599106669199
0.7516033539102033,0.5461821150260153,0.7947459162364049
0.690774283514207,0.7932587539867536,0.45489782098309856
0.7903391391736715,0.42813040453501633,0.7961346640937702
0.6131017817763984,0.8070465221353064,0.4844745403551146
0.8776695517483146,0.41545021642047597,0.7922556090826283
0.39725312582424044,0.7903582410585336,0.4970624038414403
0.8859393954343094,0.5164258085672034,0.7924678198484139
0.37388789729165883,0.7838474398127675,0.4685629844735434
0.8661542289367791,0.537872909972201,0.7977749127641006
0.4289449983373372,0.7765198159080642,0.44996244710046
0.9063193909332603,0.5393895696301857,0.7983943602695549
0.31414684444101043,0.768034456442394,0.4480482407913449
0.7971968369044343,0.5889890036837323,0.7995190042636157
0.5981939484957965,0.750726958556506,0.431454956224345
0.889324409371578,0.550195937462951,0.7991551628783604
0.3641780657896461,0.7642198535261664,0.44319084790000884
0.8567438880932258,0.5837009069965481,0.7994511835809711
0.4541150537400737,0.7434891532845529,0.43309970445078794
0.9172099153148777,0.6027248959602344,0.8006488573017254
0.2809627802829246,0.711623074161196,0.4248503345975284
0.7474839766008705,0.7057363904436614,0.8031747479707682
0.6983812209055331,0.6003678670601957,0.38968609192250825
0.7793860974105112,0.7601714055730717,0.8028464783262862
0.63619061172278,0.4817715153462289,0.37521119174212314
0.8563728339307275,0.836469510201964,0.8088031198537499
0.455094091973874,0.26634423797091616,0.3384744530572969
0.9175387998700919,0.6962067516147521,0.8013905792924226
0.27994699723126026,0.5759021545782557,0.3968122974209092
0.7458337010981059,0.8667951742712124,0.8104067787288435
0.7013934281963065,0.21017394597426983,0.32570935024576625
0.774930542193555,0.5758881262122123,0.793037235415025
0.6453288287858842,0.7670352966330366,0.45071528998450244
0.8468542666377759,0.5022098319661905,0.7999640969217129
0.4798608355461316,0.7961270522775319,0.454667688732628
0.9234993320038702,0.47981657910023573,0.7956646950063972
0.26139876843141985,0.7883715379893521,0.47118589460751886
0.7143569734876402,0.558534443789658,0.7968971181254868
0.7549890252937107,0.7924011162061256,0.4463067456250344
0.6844282088251245,0.41242704854439766,0.7954964809055458
0.7991490724213584,0.8172142503580845,0.49034691374190587
0.5938863801369314,0.33606134766757434,0.7894018927484338
0.8923857862116993,0.7735553770214159,0.525586533066951
0.3553235606823985,0.42052454440055603,0.785265024030889
0.8475542932536075,0.8688264069336837,0.511702655998023
0.4780622489916458,0.17306342530184715,0.7738872649642273
0.9232193197985732,0.5120078781398363,0.6040709965510788
0.26227600719216215,0.7790115173148283,0.781458338741462
0.7159030220009465,0.5792261161061457,0.4222383110533159
0.7525277748361777,0.776139376721269,0.8219055954597114
0.6890499748642681,0.4523405753343008,0.3212519961112921
0.7927623959141326,0.8273241878067545,0.7602824826516891
0.6078736642928818,0.3104515247065424,0.4578312381035551
0.8819441084424986,0.7431394423746011,0.8736380372602135
0.38523918269644014,0.49214593116975014,0.18343576631150876
0.8762708328037302,0.878408961716696,0.5256109516236671
0.40115496341039325,0.13432571272860774,0.7659644948648457
0.8888497373439174,0.42068725384480216,0.6308468870490545
0.36554476253999596,0.7903471514845137,0.7734239872181847
0.8581106197424236,0.5252229079071038,0.4379445765393104
0.45050010090247977,0.7848504083326838,0.8351682594418633
0.9159341119605406,0.5145404097672893,0.28268477254198254
0.2848956136781068,0.7792510294579561,0.7034111633787633
0.7538013810448023,0.5725294803400668,0.5842340472216889
0.6866639782250789,0.7740644840012256,0.7865332806653111
0.796079269162793,0.47504636024709784,0.4114934688279726
0.6006471455764973,0.8102851582130672,0.8324422633351461
0.8875195627230226,0.41072998225608737,0.28279310269339497
0.36936577747574223,0.7872908526757607,0.7138416670782785
0.861858389650286,0.5312343870978512,0.5631905229244591
0.4405164716068964,0.781065196689856,0.8104307227698415
0.9119083264446554,0.5259636731033712,0.349964159702104
0.297226663240584,0.7745811269079166,0.7818360452370992
0.7728670034279741,0.5794285166238092,0.42255620446907266
0.6495113142288805,0.764414985153122,0.8219947555846062
0.842291557594946,0.5069465615000037,0.32438729572860314
0.4914950115171355,0.7953687140548407,0.7577194040690064
0.9247323611323535,0.4784007656775258,0.47198702880062837
0.2575289592056637,0.7883990938654847,0.848051182625021
0.7074688391916119,0.5595396795169513,0.24534961792017462
0.7657397188285949,0.7930500897658844,0.6407208441093168
0.6637148867965275,0.4078353342134107,0.678491932775842
0.8258305126124409,0.8181512152204098,0.7146335988966144
0.5321875650876419,0.32590867696828846,0.5539911742147268
0.9211666544187966,0.7697309676735171,0.8559633398335734
0.26868900206100815,0.42181920009146745,0.22803765313154079
0.7270323222601305,0.88222737937404,0.6211889814630369
0.7342884012019374,0.1682576939911848,0.6835547439474027
0.7219030967302881,0.4857574346981955,0.7644098094981172
0.7428083579475813,0.8214987957521623,0.5399641119831705
0.7068631748499572,0.3407179619320549,0.7688057217723893
0.7666682194966855,0.7648041551740291,0.5695246887404237
0.66188582462873,0.47471884657288066,0.7595675047306306
0.8280340252018215,0.8326106768729292,0.5531605696060521
0.5268566097465959,0.28551863067291194,0.758288519583987
0.9223312732978005,0.7184618833382247,0.6060508663038245
0.26505429370023653,0.5326663006106859,0.7357633987919022
0.7207619058378296,0.8915514888704794,0.586055376903407
0.7446774694441421,0.14056976871452065,0.7195769458907928
0.7034918630017203,0.42002375653155544,0.7152410214801119
0.7717869282607296,0.8174032125713778,0.6525108687069363
0.651687902818409,0.34338326835129335,0.6567968498140946
0.8398658865126458,0.7739585809046442,0.7596062950185607
0.4976173629844014,0.4337910172996951,0.47352267275407817
0.924978995251152,0.8528782011647605,0.8554986395729524
0.25675355830268876,0.19818991848474554,0.20449641892756437
0.7060753238259073,0.5828722619732182,0.5909756018837364
0.7678719553671753,0.7749965689861141,0.7786490462419029
0.6595050774527341,0.4508602872427943,0.42995189883731283
0.8308650819871499,0.8318017639914792,0.8439000574937957
0.5199547008300551,0.28696042368535696,0.24436068693589452
0.9235266966846971,0.7212191976949155,0.6623499286226285
0.26131300762278986,0.5268917975077332,0.6647552830754923
0.7142055227787101,0.8940771339328323,0.7064342546183747
0.7552291778410682,0.13448395389690954,0.5504094727065699
0.6839748470807178,0.4044363436785651,0.8946396176754153
0.7997670458740183,0.8136609808795084,0.2240069368800054
0.5925169573694675,0.34535272904126746,0.582846527892911
0.8933302666166557,0.7829787857105909,0.8340169308188361
0.35257781504410096,0.39749843925882133,0.2864134592119652
0.8445867877164662,0.8562329696533925,0.7204494212336116
0.48566179920561414,0.21220364095290586,0.5333102443615153
0.9242393391925255,0.5958441858966027,0.8862627592846941
0.25907763740151013,0.7175305890505354,0.1901539412341981
0.7102387362398586,0.7010684284662121,0.5251085175939338
0.7614587930017888,0.6179061370121757,0.7988068207992242
0.6720654083795767,0.7277724585442026,0.4251022069985014
0.8154559323849271,0.5777037498509762,0.8008498052330844
0.5568039524756783,0.7572946585474377,0.4313716708086187
0.9130612506376212,0.5471793231478026,0.7981429552953082
0.2937074919202317,0.7617232583557185,0.44647753221415537
0.7675405841075873,0.607770198502679,0.8003111728273858
0.6601615326648728,0.7378266061028645,0.4242632539165246
0.8300886487814239,0.5607178904298351,0.7991004256328109
0.5218534905989193,0.7681584722099518,0.44038037292108484
0.9232329723099789,0.5328809446764887,0.7983785901901241
0.26223324925374425,0.7687225878893882,0.44990494885559384
0.7158277972864013,0.6014846677664101,0.7996163735591422
0.7526479390984503,0.75537345345746,0.42772076066961845
0.6888253698164315,0.49949943368956295,0.7974845291741142
0.793076424940645,0.8245752941111252,0.46137091749111664
0.6071929738328389,0.3178973913293062,0.7912967226278265
0.8824857655352276,0.7520912870347104,0.5263010287552027
0.3837071649028442,0.47248248642755225,0.7888874655680077
0.8749611130687431,0.8786845124021899,0.4890863709891326
0.4047954056391223,0.13385541879949533,0.7791435040554451
0.8914635152865488,0.4192817700928989,0.6036311204002828
0.35799836993814277,0.7895506243914073,0.8014673644650389
0.8503914871211692,0.5291562049764662,0.3704371624495652
0.4707354812861576,0.7842902051647136,0.7989474195158505
0.9218312753944546,0.5102792900365103,0.3782329157083418
0.26661598786662477,0.7799635977625786,0.8072911828275303
0.7234680406579557,0.575942283456092,0.3583481123279625
0.740229528776629,0.7773633266551172,0.7831215023842669
0.7114721619639075,0.45280348025897715,0.41874356168814775
0.7595342414429502,0.8238250317563646,0.8390753056623329
0.6757753168189399,0.32961601629232556,0.2603659918581449
0.8106812405896449,0.757302718059023,0.6863437364127554
0.5678655169590131,0.47987038919397934,0.618907272279151
0.907958804949178,0.8480926930245202,0.7734547996605173
0.30920756981842235,0.2174713534822668,0.4222411204666801
0.7903135197660089,0.6197358654797411,0.8753683589645331
0.6131568228919632,0.7193823875069648,0.21597276508361418
0.8776234737020885,0.6086907945267199,0.5755236797679824
0.3973818948039221,0.7133737909538099,0.786171178447388
0.8860372405980768,0.6736841036990807,0.4290626607811704
0.3736084208242637,0.6220536639253809,0.8101121224042492
0.8658931242398153,0.8073474033361467,0.3958727292449312
0.4296522200459002,0.3432552305467821,0.7778035557219533
0.9066894024654594,0.8005113418550602,0.5494648874792455
0.3130338007124643,0.3496039857395752,0.7669494906204083
0.795661469198702,0.8211970744814053,0.5710602368082757
0.6015618938356806,0.3263384159482943,0.7470820984736116
0.8868351723658868,0.7622919885339686,0.6175650681938984
0.37132663285642203,0.4483374387327589,0.7138161352759731
0.8637397089753558,0.8766432324774684,0.6479208220642947
0.43546566922373703,0.1437516794479752,0.649805889741977
0.9095906845596615,0.44335974446010046,0.8138227460948885
0.30427124315120724,0.7917267491755962,0.43735117094392656
0.7832539388469768,0.5389901156496557,0.7942075448037474
0.6281386626723905,0.7914953880537849,0.4581794388113893
0.864247787575566,0.4498059593527367,0.796567451810055
0.43409713221132995,0.7994161784885156,0.4774123416823284
0.9089302044637476,0.4846643241004581,0.7945241450003846
0.30627152514577904,0.7899268933086622,0.4725334365025309
0.7861363287134326,0.5425860188789863,0.7965501826311404
0.6220662051444741,0.7888534058525587,0.45158677240404066
0.8698694137780207,0.457859157917587,0.7965983957376077
0.41882748198056236,0.7988900977883172,0.47509388218784143
0.9006207825780211,0.49020360688610065,0.7948506999994734
0.3311610576963236,0.790116591358086,0.4702210626940432
0.8195256227785706,0.5352667875887879,0.7966658472674838
0.5472424926354765,0.7867659423521873,0.4533504061450473
0.9167421434914718,0.48345969808520944,0.7970663624353255
0.2824061476010942,0.7888431036294742,0.4668435518432307
0.7498157869733519,0.5516623707307272,0.7970172070768367
0.694090668541874,0.7901353737942518,0.4479349560758084
0.7856166058243832,0.43485618077855737,0.796040701184295
0.6231656715662282,0.8093881661814305,0.482821713389946
0.8688718041862681,0.4066404566819768,0.7921256886475687
0.42155429068255984,0.7883920540997426,0.49980618203631316
0.9022312015518297,0.5142949688384316,0.7920847323791251
0.32637722384323414,0.7818230329226276,0.47005599642826346
0.813463986918585,0.5554672104143276,0.798039275068502
0.561439216948889,0.775222008735099,0.44441240924872677
0.9110333236966173,0.5063417443905257,0.7979238752750136
0.2998909452003738,0.7833950061997069,0.4584101176787999
0.7768385548926408,0.5591913082367683,0.7978747789379054
0.6414335337423309,0.7797158718007395,0.44376906728522836
0.8509872554726807,0.47420156997975765,0.7971328409946439
0.46918940203429427,0.801245364609826,0.46926834262639056
0.921487616096084,0.4703921088117196,0.7948870231738286
0.2676883010672684,0.7899751730633051,0.47564690997264886
0.725315715794255,0.5531429390591824,0.7962815309548311
0.7371614643996531,0.7939034865733274,0.44928805920121356
0.7168914272741047,0.4136541295285241,0.7955912976683014
0.7509450024675065,0.8130270119061016,0.48978305024899566
0.6919984412253576,0.36092475949708724,0.7902392864093931
0.7886054146980217,0.7844717530307677,0.5168055791060254
0.616815584045837,0.42258307088913577,0.7870525872245048
0.8745102414989111,0.8311154818615962,0.5070667365227117
0.4060456923459808,0.27618374213381386,0.782313372522526
0.8923385758710395,0.7163956220855566,0.5578910919046334
0.3554606349688932,0.5442500861153093,0.7776481143541386
0.8477009762386967,0.8698876765244696,0.4950986028739724
0.47768491515383216,0.1697405221224132,0.7791725712025195
0.9231575368567408,0.5043315296703755,0.5937831471452256
0.2624694863049432,0.7819769706343076,0.7924693162666331
0.716243243735921,0.5726125919359388,0.39490505609901677
0.7519837802926982,0.781524150352783,0.8097681335816783
0.6900654455367846,0.43972017772326916,0.3515439033093803
0.791337967727743,0.8250622815161175,0.7939107972877771
0.6109520976729937,0.3170683714660049,0.3793941200384204
0.8794516384812611,0.7507063975570631,0.8337868482690122
0.3922608799993797,0.4763395324340944,0.2964659920941482
0.8820514434795202,0.8774866115379653,0.7264684711480462
0.3849357697802953,0.1354686673348771,0.5160955324643206
0.8760128248186032,0.42445055286079075,0.9045661029648979
0.4018731156161573,0.7932863775871184,0.18675346431837603
0.8893731238761441,0.5082759568806262,0.5131288386026359
0.3640377104908519,0.7865246608258232,0.8380749289753092
0.8566027465762932,0.5344620559620162,0.27411556398119774
0.4544875801967027,0.7802731633444754,0.6889150154560171
0.9173358926814991,0.5239509241102702,0.6090976905642596
0.28057378491502444,0.7746079691840213,0.7740253671127865
0.7468529036938837,0.5838848097164169,0.4408173890241207
0.6995354825702234,0.7657747973358074,0.8268850949775365
0.7776866874232319,0.490504677004151,0.3108809029060324
0.6396933834232755,0.8111485557210167,0.7435793697620896
0.8527973069227036,0.3974350308870736,0.49818535098358624
0.4644760228439243,0.7866099810730344,0.8606890415976065
0.9203307740739541,0.5066143204340622,0.20908139805730705
0.2712915493556451,0.7816461655037283,0.5780896147653252
0.7314620450342771,0.5709342538370438,0.7491639491401922
0.7267736903216359,0.7798144356590422,0.549349278283384
0.7347226654982553,0.4506786571264463,0.7710038191879315
0.7211495001151585,0.8199114529319336,0.5351755414914219
0.7440437248156174,0.3511946263824666,0.7718183798352681
0.704637843399041,0.7698428564759311,0.5602764747479967
0.7700564062812614,0.47989752446750483,0.7655206027143774
0.6551572884778659,0.8141306089286672,0.5391555667071752
0.8359269985791263,0.3853127500445272,0.7706665832958172
0.5074662910147927,0.7825483694264737,0.553539633353527
0.924793741644385,0.5042381420718027,0.7677266103737703
0.25733602512112475,0.781721406883487,0.527868595131826
0.7071225225951431,0.5745851469957441,0.7826846667353863
0.7662709643451503,0.7817663365977496,0.4753308460962441
0.6626691621228037,0.4352315296748057,0.7976769512073035
0.8270933516687805,0.8281979914668959,0.47885401383701814
0.529136775388109,0.2980924079283229,0.7895315154784175
0.9218588787839368,0.7356958862926248,0.5357843130420571
0.26652981964729106,0.4976386332160089,0.7872754662713957
0.7233191970784723,0.8985564852131197,0.48587629965028645
0.740475584000038,0.1170772078025504,0.776452383427224
0.7110345259494105,0.36039662627813884,0.6138788695092015
0.760218386772038,0.781642139100088,0.8043236077249253
0.6744596473873047,0.4371851726193191,0.3654375385815995
0.8123861763039402,0.8268829293243668,0.8067243959092886
0.5639350443605535,0.3059858495300052,0.3465496181527691
0.9098755473796721,0.7423205153278536,0.8052913389965224
